{
  "info": {
    "name": "Photography API",
    "_postman_id": "706a947c-7492-4fa5-b0d5-035e68662146",
    "description": "Postman collection for Photography Booking API",
    "schema": "https://schema.getpostman.com/json/collection/v2.1.0/collection.json"
  },
  "item": [
    {
      "name": "Auth - Login",
      "request": {
        "method": "POST",
        "header": [
          {
            "key": "Content-Type",
            "value": "application/json"
          }
        ],
        "body": {
          "mode": "raw",
          "raw": "{\"email\": \"admin@example.com\", \"password\": \"admin123\"}"
        },
        "url": {
          "raw": "http://localhost:5000/api/auth/login",
          "protocol": "http",
          "host": [
            "localhost"
          ],
          "port": "5000",
          "path": [
            "api",
            "auth",
            "login"
          ]
        }
      }
    },
    {
      "name": "Bookings - Get My Bookings",
      "request": {
        "method": "GET",
        "header": [
          {
            "key": "Authorization",
            "value": "Bearer {{token}}"
          }
        ],
        "url": {
          "raw": "http://localhost:5000/api/bookings",
          "protocol": "http",
          "host": [
            "localhost"
          ],
          "port": "5000",
          "path": [
            "api",
            "bookings"
          ]
        }
      }
    },
    {
      "name": "Photographers - Get All",
      "request": {
        "method": "GET",
        "url": {
          "raw": "http://localhost:5000/api/photographers",
          "protocol": "http",
          "host": [
            "localhost"
          ],
          "port": "5000",
          "path": [
            "api",
            "photographers"
          ]
        }
      }
    }
  ]
}