{
  "openapi": "3.0.0",
  "info": {
    "title": "Photography Booking API",
    "version": "1.0.0",
    "description": "API documentation for the Photography Booking platform"
  },
  "servers": [
    {
      "url": "http://localhost:5000",
      "description": "Local server"
    }
  ],
  "paths": {
    "/api/auth/login": {
      "post": {
        "tags": [
          "Auth"
        ],
        "summary": "Login with email & password",
        "requestBody": {
          "required": true,
          "content": {
            "application/json": {
              "schema": {
                "type": "object",
                "properties": {
                  "email": {
                    "type": "string"
                  },
                  "password": {
                    "type": "string"
                  }
                },
                "required": [
                  "email",
                  "password"
                ]
              }
            }
          }
        },
        "responses": {
          "200": {
            "description": "Login successful"
          },
          "401": {
            "description": "Unauthorized"
          }
        }
      }
    },
    "/api/bookings": {
      "post": {
        "tags": [
          "Bookings"
        ],
        "summary": "Create a new booking",
        "security": [
          {
            "bearerAuth": []
          }
        ],
        "responses": {
          "201": {
            "description": "Booking created"
          }
        }
      }
    },
    "/api/auth/me": {
      "get": {
        "tags": [
          "Auth"
        ],
        "summary": "Get current logged-in user",
        "security": [
          {
            "bearerAuth": []
          }
        ],
        "responses": {
          "200": {
            "description": "User profile"
          }
        }
      }
    },
    "/api/photographers": {
      "get": {
        "tags": [
          "Photographers"
        ],
        "summary": "Get all photographers",
        "security": [
          {
            "bearerAuth": []
          }
        ],
        "responses": {
          "200": {
            "description": "List of photographers"
          }
        }
      },
      "post": {
        "tags": [
          "Photographers"
        ],
        "summary": "Create a new photographer (admin only)",
        "security": [
          {
            "bearerAuth": []
          }
        ],
        "requestBody": {
          "required": true,
          "content": {
            "application/json": {
              "schema": {
                "type": "object",
                "properties": {
                  "name": {
                    "type": "string"
                  },
                  "location": {
                    "type": "string"
                  },
                  "bio": {
                    "type": "string"
                  },
                  "specialization": {
                    "type": "string"
                  }
                },
                "required": [
                  "name",
                  "location",
                  "bio",
                  "specialization"
                ]
              }
            }
          }
        },
        "responses": {
          "201": {
            "description": "Photographer created"
          }
        }
      }
    },
    "/api/photographers/{id}": {
      "get": {
        "tags": [
          "Photographers"
        ],
        "summary": "Get photographer by ID",
        "parameters": [
          {
            "name": "id",
            "in": "path",
            "required": true,
            "schema": {
              "type": "string"
            }
          }
        ],
        "security": [
          {
            "bearerAuth": []
          }
        ],
        "responses": {
          "200": {
            "description": "Photographer detail"
          },
          "404": {
            "description": "Not found"
          }
        }
      }
    },
    "/api/services": {
      "get": {
        "tags": [
          "Services"
        ],
        "summary": "Get all photography services",
        "responses": {
          "200": {
            "description": "Service list"
          }
        }
      },
      "post": {
        "tags": [
          "Services"
        ],
        "summary": "Create new photography service (admin)",
        "security": [
          {
            "bearerAuth": []
          }
        ],
        "requestBody": {
          "required": true,
          "content": {
            "application/json": {
              "schema": {
                "type": "object",
                "properties": {
                  "name": {
                    "type": "string"
                  },
                  "basePrice": {
                    "type": "number"
                  }
                },
                "required": [
                  "name",
                  "basePrice"
                ]
              }
            }
          }
        },
        "responses": {
          "201": {
            "description": "Service created"
          }
        }
      }
    },
    "/api/services/{id}": {
      "get": {
        "tags": [
          "Services"
        ],
        "summary": "Get service by ID",
        "parameters": [
          {
            "name": "id",
            "in": "path",
            "required": true,
            "schema": {
              "type": "string"
            }
          }
        ],
        "responses": {
          "200": {
            "description": "Service detail"
          }
        }
      }
    },
    "/api/admin/users": {
      "get": {
        "tags": [
          "Admin"
        ],
        "summary": "Get all users",
        "security": [
          {
            "bearerAuth": []
          }
        ],
        "responses": {
          "200": {
            "description": "User list"
          }
        }
      }
    },
    "/api/admin/bookings": {
      "get": {
        "tags": [
          "Admin"
        ],
        "summary": "Get all bookings",
        "security": [
          {
            "bearerAuth": []
          }
        ],
        "responses": {
          "200": {
            "description": "All bookings"
          }
        }
      }
    },
    "/api/admin/dashboard": {
      "get": {
        "tags": [
          "Admin"
        ],
        "summary": "Get dashboard statistics",
        "security": [
          {
            "bearerAuth": []
          }
        ],
        "responses": {
          "200": {
            "description": "Stats"
          }
        }
      }
    },
    "/api/additional-services": {
      "get": {
        "tags": [
          "Additional Services"
        ],
        "summary": "Get all additional services",
        "responses": {
          "200": {
            "description": "List of additional services"
          }
        }
      },
      "post": {
        "tags": [
          "Additional Services"
        ],
        "summary": "Create additional service",
        "security": [
          {
            "bearerAuth": []
          }
        ],
        "requestBody": {
          "required": true,
          "content": {
            "application/json": {
              "schema": {
                "type": "object",
                "properties": {
                  "name": {
                    "type": "string"
                  },
                  "price": {
                    "type": "number"
                  }
                },
                "required": [
                  "name",
                  "price"
                ]
              }
            }
          }
        },
        "responses": {
          "201": {
            "description": "Service created"
          }
        }
      }
    },
    "/api/additional-services/{id}": {
      "get": {
        "tags": [
          "Additional Services"
        ],
        "summary": "Get service by ID",
        "parameters": [
          {
            "name": "id",
            "in": "path",
            "required": true,
            "schema": {
              "type": "string"
            }
          }
        ],
        "responses": {
          "200": {
            "description": "Service detail"
          }
        }
      },
      "put": {
        "tags": [
          "Additional Services"
        ],
        "summary": "Update additional service",
        "parameters": [
          {
            "name": "id",
            "in": "path",
            "required": true,
            "schema": {
              "type": "string"
            }
          }
        ],
        "requestBody": {
          "content": {
            "application/json": {
              "schema": {
                "type": "object",
                "properties": {
                  "name": {
                    "type": "string"
                  },
                  "price": {
                    "type": "number"
                  }
                }
              }
            }
          }
        },
        "responses": {
          "200": {
            "description": "Service updated"
          }
        }
      },
      "delete": {
        "tags": [
          "Additional Services"
        ],
        "summary": "Delete additional service",
        "parameters": [
          {
            "name": "id",
            "in": "path",
            "required": true,
            "schema": {
              "type": "string"
            }
          }
        ],
        "responses": {
          "200": {
            "description": "Service deleted"
          }
        }
      }
    },
    "/api/bookings/calculate": {
      "post": {
        "tags": [
          "Bookings"
        ],
        "summary": "Calculate booking price",
        "requestBody": {
          "required": true,
          "content": {
            "application/json": {
              "schema": {
                "type": "object",
                "properties": {
                  "photographyServiceId": {
                    "type": "string"
                  },
                  "additionalServices": {
                    "type": "array",
                    "items": {
                      "type": "object",
                      "properties": {
                        "serviceId": {
                          "type": "string"
                        },
                        "quantity": {
                          "type": "number"
                        }
                      }
                    }
                  }
                }
              }
            }
          }
        },
        "responses": {
          "200": {
            "description": "Calculated booking price"
          }
        }
      }
    },
    "/api/bookings/{id}": {
      "get": {
        "tags": [
          "Bookings"
        ],
        "summary": "Get booking by ID",
        "security": [
          {
            "bearerAuth": []
          }
        ],
        "parameters": [
          {
            "name": "id",
            "in": "path",
            "required": true,
            "schema": {
              "type": "string"
            }
          }
        ],
        "responses": {
          "200": {
            "description": "Booking detail"
          }
        }
      },
      "put": {
        "tags": [
          "Bookings"
        ],
        "summary": "Update booking",
        "security": [
          {
            "bearerAuth": []
          }
        ],
        "parameters": [
          {
            "name": "id",
            "in": "path",
            "required": true,
            "schema": {
              "type": "string"
            }
          }
        ],
        "responses": {
          "200": {
            "description": "Booking updated"
          }
        }
      }
    },
    "/api/bookings/{id}/cancel": {
      "put": {
        "tags": [
          "Bookings"
        ],
        "summary": "Cancel a booking",
        "security": [
          {
            "bearerAuth": []
          }
        ],
        "parameters": [
          {
            "name": "id",
            "in": "path",
            "required": true,
            "schema": {
              "type": "string"
            }
          }
        ],
        "responses": {
          "200": {
            "description": "Booking cancelled"
          }
        }
      }
    },
    "/api/bookings/{id}/status": {
      "put": {
        "tags": [
          "Bookings"
        ],
        "summary": "Update booking status (admin)",
        "security": [
          {
            "bearerAuth": []
          }
        ],
        "parameters": [
          {
            "name": "id",
            "in": "path",
            "required": true,
            "schema": {
              "type": "string"
            }
          }
        ],
        "responses": {
          "200": {
            "description": "Status updated"
          }
        }
      }
    },
    "/api/auth/google": {
      "get": {
        "tags": [
          "Auth"
        ],
        "summary": "Initiate Google OAuth login",
        "responses": {
          "302": {
            "description": "Redirect to Google login page"
          }
        }
      }
    },
    "/api/auth/google/callback": {
      "get": {
        "tags": [
          "Auth"
        ],
        "summary": "Handle Google OAuth callback",
        "responses": {
          "302": {
            "description": "Redirects to dashboard or admin verify page"
          }
        }
      }
    }
  },
  "components": {
    "securitySchemes": {
      "bearerAuth": {
        "type": "http",
        "scheme": "bearer",
        "bearerFormat": "JWT"
      }
    }
  }
}